{"count":1,"self":257.556992,"total":258.12126539999997,"children":{"InitializeActuators":{"count":1,"self":0.0019390999999999998,"total":0.0019390999999999998,"children":null},"InitializeSensors":{"count":1,"self":0.00096959999999999993,"total":0.00096959999999999993,"children":null},"AgentSendState":{"count":12603,"self":0.1430894,"total":0.23182619999999998,"children":{"CollectObservations":{"count":2521,"self":0.0606106,"total":0.0606106,"children":null},"WriteActionMask":{"count":2521,"self":0.0096995,"total":0.0096995,"children":null},"RequestDecision":{"count":2521,"self":0.0184267,"total":0.0184267,"children":null}}},"DecideAction":{"count":12603,"self":0.096075399999999991,"total":0.096075399999999991,"children":null},"AgentAct":{"count":12603,"self":0.2324823,"total":0.2324823,"children":null}},"gauges":{"DrivingCarBehavior.CumulativeReward":{"count":12,"max":588.454834,"min":12.9235725,"runningAverage":163.363449,"value":588.454834,"weightedAverage":261.523438}},"metadata":{"timer_format_version":"0.1.0","start_time_seconds":"1727463968","unity_version":"2021.3.39f1","command_line_arguments":"C:\\Program Files\\Unity\\Hub\\Editor\\2021.3.39f1\\Editor\\Unity.exe -projectpath C:\\Unity\\Uni\\F1_Racer -useHub -hubIPC -cloudEnvironment production -licensingIpc LicenseClient-kj -hubSessionId aa77c247-4c68-4b2a-8216-36b72091742a -accessToken RE-MngRIB9npty89XKKUrPt_Qbr-ShQQt2drlJyVpS4008f","communication_protocol_version":"1.5.0","com.unity.ml-agents_version":"2.0.1","scene_name":"GameScene","end_time_seconds":"1727464227"}}