{"count":1,"self":134.119808,"total":134.6393425,"children":{"InitializeActuators":{"count":1,"self":0.0029108999999999997,"total":0.0029108999999999997,"children":null},"InitializeSensors":{"count":1,"self":0.0019398,"total":0.0019398,"children":null},"AgentSendState":{"count":6387,"self":0.0990934,"total":0.15933609999999998,"children":{"CollectObservations":{"count":1278,"self":0.046675799999999996,"total":0.046675799999999996,"children":null},"WriteActionMask":{"count":1278,"self":0.0058084999999999994,"total":0.0058084999999999994,"children":null},"RequestDecision":{"count":1278,"self":0.0077583999999999995,"total":0.0077583999999999995,"children":null}}},"DecideAction":{"count":6387,"self":0.1194218,"total":0.1194218,"children":null},"AgentAct":{"count":6387,"self":0.23441569999999998,"total":0.23441569999999998,"children":null}},"gauges":{"DrivingCarBehavior.CumulativeReward":{"count":1,"max":500,"min":500,"runningAverage":500,"value":500,"weightedAverage":500}},"metadata":{"timer_format_version":"0.1.0","start_time_seconds":"1731744839","unity_version":"2021.3.39f1","command_line_arguments":"C:\\Program Files\\Unity\\Hub\\Editor\\2021.3.39f1\\Editor\\Unity.exe -projectpath C:\\Unity\\Uni\\F1_Racer -useHub -hubIPC -cloudEnvironment production -licensingIpc LicenseClient-kj -hubSessionId 00750427-4637-4f00-b7a2-4b0cc1b26f1d -accessToken IPnE_NSFHSfmZO5zN_Sf-9Ms4y4Gjhesdk7pzCt6ASk008f","communication_protocol_version":"1.5.0","com.unity.ml-agents_version":"2.0.1","scene_name":"GameScene","end_time_seconds":"1731744974"}}